{"cameraMode":{"drawMode":0,"name":"Shaded","section":"Shading Mode"},"sceneLighting":true,"audioPlay":false,"sceneViewState":{"m_AlwaysRefresh":false,"showFog":true,"showSkybox":true,"showFlares":true,"showImageEffects":true,"showParticleSystems":true,"showVisualEffectGraphs":true,"m_FxEnabled":true},"in2DMode":false,"pivot":{"x":-0.5468875169754028,"y":-1.1095139980316163,"z":1.4052410125732422},"rotation":{"x":-0.3045755624771118,"y":0.08613835275173187,"z":-0.027669433504343034,"w":-0.9481816291809082},"size":4.330481052398682,"orthographic":false}