{"cameraMode":{"drawMode":0,"name":"Shaded","section":"Shading Mode"},"sceneLighting":true,"audioPlay":false,"sceneViewState":{"m_AlwaysRefresh":false,"showFog":true,"showSkybox":true,"showFlares":true,"showImageEffects":true,"showParticleSystems":true,"showVisualEffectGraphs":true,"m_FxEnabled":true},"in2DMode":false,"pivot":{"x":1.8998372554779053,"y":-11.884988784790039,"z":23.954252243041993},"rotation":{"x":-0.2405630350112915,"y":0.02037138305604458,"z":-0.005050607956945896,"w":-0.9704089164733887},"size":17.67376708984375,"orthographic":false}