{"cameraMode":{"drawMode":0,"name":"Shaded","section":"Shading Mode"},"sceneLighting":false,"audioPlay":false,"sceneViewState":{"m_AlwaysRefresh":false,"showFog":true,"showSkybox":false,"showFlares":true,"showImageEffects":true,"showParticleSystems":true,"showVisualEffectGraphs":true,"m_FxEnabled":true},"in2DMode":false,"pivot":{"x":19.158267974853517,"y":-1.3287307024002076,"z":44.234649658203128},"rotation":{"x":-0.25947341322898867,"y":-0.012750957161188126,"z":0.003426403272897005,"w":-0.9656611680984497},"size":29.951074600219728,"orthographic":false}