{"cameraMode":{"drawMode":0,"name":"Shaded","section":"Shading Mode"},"sceneLighting":false,"audioPlay":false,"sceneViewState":{"m_AlwaysRefresh":false,"showFog":true,"showSkybox":false,"showFlares":true,"showImageEffects":true,"showParticleSystems":true,"showVisualEffectGraphs":true,"m_FxEnabled":true},"in2DMode":false,"pivot":{"x":5.960464477539063e-8,"y":0.05505645275115967,"z":-0.000005304813385009766},"rotation":{"x":-0.15387825667858125,"y":-0.010081937536597252,"z":0.001570392749272287,"w":-0.9880380630493164},"size":1.0741045475006104,"orthographic":false}