{"cameraMode":{"drawMode":0,"name":"Shaded","section":"Shading Mode"},"sceneLighting":true,"audioPlay":false,"sceneViewState":{"m_AlwaysRefresh":false,"showFog":true,"showSkybox":false,"showFlares":true,"showImageEffects":true,"showParticleSystems":true,"showVisualEffectGraphs":true,"m_FxEnabled":true},"in2DMode":false,"pivot":{"x":121.91217041015625,"y":3.6320037841796877,"z":46.44718933105469},"rotation":{"x":-0.45900392532348635,"y":-0.019723424687981607,"z":0.010193531401455403,"w":-0.8881598711013794},"size":24.931550979614259,"orthographic":false}