{"cameraMode":{"drawMode":0,"name":"Shaded","section":"Shading Mode"},"sceneLighting":true,"audioPlay":false,"sceneViewState":{"m_AlwaysRefresh":false,"showFog":true,"showSkybox":true,"showFlares":true,"showImageEffects":true,"showParticleSystems":true,"showVisualEffectGraphs":true,"m_FxEnabled":true},"in2DMode":false,"pivot":{"x":-2.869917392730713,"y":-0.13796383142471314,"z":-27.07549285888672},"rotation":{"x":0.2753944993019104,"y":0.0011397280031815172,"z":-0.00032573449425399303,"w":0.9613314867019653},"size":5.425224781036377,"orthographic":false}