{"cameraMode":{"drawMode":0,"name":"Shaded","section":"Shading Mode"},"sceneLighting":false,"audioPlay":false,"sceneViewState":{"m_AlwaysRefresh":false,"showFog":true,"showSkybox":false,"showFlares":true,"showImageEffects":true,"showParticleSystems":true,"showVisualEffectGraphs":true,"m_FxEnabled":true},"in2DMode":false,"pivot":{"x":3.051676034927368,"y":-13.454471588134766,"z":30.504173278808595},"rotation":{"x":-0.2099236249923706,"y":-0.007035182788968086,"z":0.0015089309308677912,"w":-0.9777023196220398},"size":0.8660253882408142,"orthographic":false}